,name,married,divorced,separated,annulled
0,Robert_De_Niro,2,1,1,0
1,Jack_Nicholson,1,1,0,0
2,Marlon_Brando,3,2,0,1
3,Denzel_Washington,1,0,0,0
4,Katharine_Hepburn,1,1,0,0
5,Humphrey_Bogart,4,3,0,0
6,Meryl_Streep,1,0,0,0
7,Daniel_Day-Lewis,1,0,0,0
8,Sidney_Poitier,2,1,0,0
9,Clark_Gable,5,3,0,0
10,Ingrid_Bergman,3,3,0,0
11,Tom_Hanks,2,1,0,0
12,Elizabeth_Taylor,8,7,0,0
13,Bette_Davis,4,3,0,0
14,Gregory_Peck,2,1,0,0
15,Leonardo_DiCaprio,0,0,0,0
16,Cate_Blanchett,1,0,0,0
17,Audrey_Hepburn,0,0,0,0
18,Spencer_Tracy,1,0,1,0
19,Kate_Winslet,3,2,0,0
20,Shah_Rukh_Khan,1,0,0,0
21,Viola_Davis,1,0,0,0
22,Sophia_Loren,2,0,0,1
23,Cary_Grant,0,0,0,0
24,Vivien_Leigh,2,2,0,0
25,Marilyn_Monroe,3,3,0,0
26,Laurence_Olivier,0,0,0,0
27,James_Stewart,1,0,0,0
28,Steve_McQueen,3,2,0,0
29,Diane_Keaton,0,0,0,0
30,Julia_Roberts,2,1,0,0
31,Jodie_Foster,1,0,0,0
32,Judy_Garland,5,4,0,0
33,Morgan_Freeman,2,2,0,0
34,Paul_Newman,2,1,0,0
35,Henry_Fonda,5,3,0,0
36,Catherine_Deneuve,1,1,0,0
37,Grace_Kelly,1,0,0,0
38,Helen_Mirren,1,0,0,0
39,James_Cagney,1,0,0,0
40,Angela_Bassett,1,0,0,0
41,Johnny_Depp,2,2,0,0
42,Greta_Garbo,0,0,0,0
43,Olivia_de_Havilland,2,2,0,0
44,Charles_Chaplin,4,3,0,0
45,Setsuko_Hara,0,0,0,0
46,Julie_Andrews,2,1,0,0
47,Montgomery_Clift,0,0,0,0
48,Isabelle_Huppert,0,0,0,0
49,Al_Pacino,0,0,0,0
50,Rita_Hayworth,5,5,0,0
51,Halle_Berry,3,2,1,0
52,James_Dean,0,0,0,0
53,Kirk_Douglas,2,1,0,0
54,Natalie_Wood,3,2,0,0
55,Marcello_Mastroianni,1,0,0,0
56,Joan_Crawford,4,3,0,0
57,Harrison_Ford,3,2,0,0
58,Susan_Sarandon,1,1,0,0
59,Gene_Kelly,3,1,0,0
60,Glenn_Close,3,3,0,0
61,Joan_Fontaine,4,4,0,0
62,Julianne_Moore,2,1,0,0
63,Will_Smith,2,1,0,0
64,Bruce_Lee,1,0,0,0
65,Regina_King,1,1,0,0
66,Angelina_Jolie,3,3,0,0
67,John_Wayne,3,2,0,0
68,Jane_Fonda,3,3,0,0
69,Charlton_Heston,1,0,0,0
70,Gary_Cooper,1,0,0,0
71,Anthony_Hopkins,3,2,0,0
72,Liv_Ullmann,2,2,0,0
73,Natalie_Portman,1,0,0,0
74,Gérard_Depardieu,1,1,1,0
75,Forest_Whitaker,1,1,0,0
76,Sandra_Bullock,1,1,0,0
77,Deborah_Kerr,2,1,0,0
78,Toshirô_Mifune,1,0,0,0
79,Dustin_Hoffman,2,1,0,0
80,Mohanlal,1,0,0,0
81,Emma_Thompson,2,1,0,0
82,Tom_Cruise,3,3,0,0
83,Michelle_Pfeiffer,2,1,0,0
84,Faye_Dunaway,2,2,0,0
85,Samuel_L._Jackson,1,0,0,0
86,Peter_O'Toole,1,1,0,0
87,Heath_Ledger,0,0,0,0
88,Penélope_Cruz,1,0,0,0
89,Nicole_Kidman,2,1,0,0
90,Chadwick_Boseman,0,0,0,0
91,Antonio_Banderas,2,2,0,0
92,Sigourney_Weaver,1,0,0,0
93,Salma_Hayek,1,0,0,0
94,Don_Cheadle,1,0,0,0
95,Frances_McDormand,1,0,0,0
96,Kathy_Bates,1,1,0,0
97,Omar_Sharif,1,1,0,0
98,Amy_Adams,1,0,0,0
99,Joaquin_Phoenix,0,0,0,0
100,Jeff_Bridges,1,0,0,0
101,Ben_Kingsley,4,3,0,0
102,Tommy_Lee_Jones,3,2,0,0
103,Robert_Redford,2,1,0,0
104,Jack_Lemmon,2,1,0,0
105,Christopher_Plummer,3,2,0,0
106,George_C._Scott,5,4,0,0
107,Robin_Williams,3,2,0,0
108,Christopher_Walken,1,0,0,0
109,Philip_Seymour_Hoffman,0,0,0,0
110,George_Clooney,2,1,0,0
111,Gene_Hackman,2,1,0,0
112,Bruce_Willis,2,1,0,0
113,Sean_Connery,2,1,0,0
114,Ian_McKellen,0,0,0,0
115,Russell_Crowe,1,1,0,0
116,Bill_Murray,2,2,0,0
117,Nicolas_Cage,5,4,0,0
118,Joe_Pesci,1,1,0,0
119,Brad_Pitt,2,2,0,0
120,Kevin_Costner,2,1,0,0
121,Donald_Sutherland,3,2,0,0
122,Clint_Eastwood,2,2,0,0
123,Michael_Douglas,2,1,0,0
124,Robert_Downey_Jr.,2,1,0,0
125,Ava_Gardner,3,3,0,0
126,Sally_Field,2,2,0,0
127,Doris_Day,4,3,0,0
128,Shirley_MacLaine,1,1,0,0
129,Holly_Hunter,1,1,0,0
130,Hilary_Swank,2,1,0,0
131,Claudette_Colbert,2,1,0,0
132,Diane_Lane,2,2,0,0
133,Jessica_Lange,1,1,2,0
134,Gloria_Swanson,6,5,0,0
135,Lauren_Bacall,2,1,0,0
136,Lucy_Liu,0,0,0,0
137,Norma_Shearer,2,0,0,0
138,Bette_Midler,1,0,0,0
139,Mary_Tyler_Moore,3,2,0,0
140,Anna_Magnani,1,1,0,0
141,Judi_Dench,1,0,0,0
142,Sharon_Stone,2,2,0,0
143,Kim_Basinger,2,2,0,0
144,Glenda_Jackson,1,1,0,0
145,Donna_Reed,3,2,0,0
146,Demi_Moore,3,3,0,0
147,Anne_Hathaway,1,0,0,0
148,Liza_Minnelli,4,4,0,0
149,Geena_Davis,3,3,0,0
150,Peter_Sellers,4,3,0,0
151,Woody_Allen,3,2,0,0
152,Mel_Gibson,1,1,0,0
153,Jim_Carrey,2,2,0,0
154,Mark_Wahlberg,1,0,0,0
155,Steve_Martin,2,1,0,0
156,Javier_Bardem,1,0,0,0
157,Christoph_Waltz,1,0,0,0
158,Tim_Robbins,1,0,1,0
159,Arnold_Schwarzenegger,1,1,0,0
160,Sylvester_Stallone,3,2,0,0
161,Viggo_Mortensen,1,1,0,0
162,Christopher_Lee,1,0,0,0
163,Geoffrey_Rush,1,0,0,0
164,Alec_Guinness,1,0,0,0
165,Richard_Burton,5,4,0,0
166,Alec_Baldwin,2,1,0,0
167,James_Caan,4,4,0,0
168,Chiwetel_Ejiofor,0,0,0,0
169,Mads_Mikkelsen,1,0,0,0
170,Ben_Stiller,1,0,0,0
171,Willem_Dafoe,1,0,0,0
172,Ed_Harris,1,0,0,0
173,Harvey_Keitel,1,0,0,0
174,Jon_Voight,2,2,0,0
175,Drew_Barrymore,3,3,0,0
176,Winona_Ryder,0,0,0,0
177,Kathleen_Turner,1,1,0,0
178,Uma_Thurman,2,2,0,0
179,Rene_Russo,1,0,0,0
180,Whoopi_Goldberg,3,3,0,0
181,Annette_Bening,2,1,0,0
182,Maggie_Smith,2,1,0,0
183,Barbra_Streisand,2,1,0,0
184,Jennifer_Lawrence,1,0,0,0
185,Joanne_Woodward,1,0,0,0
186,Mercedes_McCambridge,2,2,0,0
187,Anjelica_Huston,1,0,0,0
188,Dianne_Wiest,0,0,0,0
189,Goldie_Hawn,2,2,0,0
190,Claudia_Cardinale,0,0,0,0
191,Gwyneth_Paltrow,2,1,0,0
192,Charlize_Theron,0,0,0,0
193,Debra_Winger,2,1,0,0
194,Marion_Cotillard,0,0,0,0
195,Christina_Ricci,2,1,0,0
196,Juliette_Binoche,0,0,0,0
197,Daryl_Hannah,1,0,0,0
198,Shirley_Booth,2,1,0,0
199,Reese_Witherspoon,2,1,0,0
200,Benicio_Del_Toro,0,0,0,0
201,Kevin_Bacon,1,0,0,0
202,Patrick_Swayze,1,0,0,0
203,Michael_Caine,2,1,0,0
204,Robert_Duvall,4,3,0,0
205,Burt_Lancaster,3,2,0,0
206,Robert_Mitchum,1,0,0,0
207,Colin_Farrell,0,0,0,0
208,William_Holden,1,1,0,0
209,Edward_G._Robinson,2,1,0,0
210,William_Powell,3,2,0,0
211,Jared_Leto,0,0,0,0
212,Errol_Flynn,3,2,0,0
213,Groucho_Marx,3,3,0,0
214,James_Mason,2,1,0,0
215,Buster_Keaton,3,2,0,0
216,Orson_Welles,0,0,0,0
217,Fred_Astaire,2,0,0,0
218,Bradley_Cooper,1,1,0,0
219,Gary_Oldman,5,4,0,0
220,Jude_Law,2,1,0,0
221,Paul_Giamatti,1,0,0,0
222,Liam_Neeson,1,0,0,0
223,Matt_Damon,1,0,0,0
224,Michael_Fassbender,1,0,0,0
225,Carol_Burnett,3,2,0,0
226,Jessica_Tandy,2,1,0,0
227,Helen_Hunt,1,1,0,0
228,Patricia_Arquette,2,2,0,0
229,Carmen_Miranda,1,0,0,0
230,Kate_Hudson,1,1,0,0
231,Catherine_Zeta-Jones,1,0,0,0
232,Cameron_Diaz,1,0,0,0
233,Debbie_Reynolds,3,3,0,0
234,Ellen_Burstyn,3,3,0,0
235,Maureen_O'Hara,3,1,0,1
236,Myrna_Loy,4,4,0,0
237,Lena_Headey,1,1,0,0
238,Toni_Collette,1,0,0,0
239,Laura_Linney,2,1,0,0
240,Marlene_Dietrich,1,0,0,0
241,Carole_Lombard,2,1,0,0
242,Jean_Arthur,2,1,0,1
243,Jean_Harlow,3,2,0,0
244,Ginger_Rogers,5,5,0,0
245,Mary_Pickford,3,2,0,0
246,Mae_West,1,1,0,0
247,Gillian_Anderson,2,2,0,0
248,Emma_Watson,0,0,0,0
249,Meg_Ryan,1,1,0,0
250,Alan_Arkin,3,2,0,0
251,Kurt_Russell,1,1,0,0
252,Jake_Gyllenhaal,0,0,0,0
253,Ryan_Gosling,0,0,0,0
254,Colin_Firth,1,0,1,0
255,Jamie_Foxx,0,0,0,0
256,Adrien_Brody,0,0,0,0
257,Roberto_Benigni,1,0,0,0
258,Jeremy_Irons,2,1,0,0
259,F._Murray_Abraham,1,0,0,0
260,Richard_Dreyfuss,2,1,0,0
261,Peter_Finch,3,2,0,0
262,Art_Carney,3,2,0,0
263,Cliff_Robertson,2,2,0,0
264,Lee_Marvin,2,1,0,0
265,Rex_Harrison,6,4,0,0
266,Anthony_Quinn,3,2,0,0
267,Maximilian_Schell,2,1,0,0
268,Tom_Hardy,2,1,0,0
269,David_Niven,2,0,0,0
270,William_Hurt,2,2,0,0
271,Yul_Brynner,4,3,0,0
272,Ernest_Borgnine,5,4,0,0
273,Benedict_Cumberbatch,1,0,0,0
274,Rod_Steiger,0,0,0,0
275,Chloë_Grace_Moretz,0,0,0,0
276,Anna_Kendrick,0,0,0,0
277,Emily_Watson,1,0,0,0
278,Helena_Bonham_Carter,0,0,0,0
279,Keira_Knightley,1,0,0,0
280,Alexis_Thorpe,1,1,0,0
281,Marion_Davies,1,0,0,0
282,Scarlett_Johansson,3,2,0,0
283,Dakota_Fanning,0,0,0,0
284,Jennifer_Aniston,2,1,1,0
285,Jennifer_Connelly,1,0,0,0
286,Rachel_McAdams,0,0,0,0
287,Carey_Mulligan,1,0,0,0
288,Mila_Kunis,1,0,0,0
289,Amanda_Seyfried,1,0,0,0
290,Jennifer_Lopez,3,3,0,0
291,Neve_Campbell,2,2,0,0
292,Fairuza_Balk,0,0,0,0
293,Jessica_Alba,1,0,0,0
294,Kristen_Stewart,0,0,0,0
295,Julie_Walters,1,0,0,0
296,Rooney_Mara,0,0,0,0
297,Jamie_Lee_Curtis,1,0,0,0
298,Emma_Stone,1,0,0,0
299,Kirsten_Dunst,0,0,0,0
300,José_Ferrer,5,4,0,0
301,Broderick_Crawford,3,2,0,0
302,Ronald_Colman,2,1,0,0
303,Fredric_March,2,1,0,0
304,Ray_Milland,1,0,0,0
305,Bing_Crosby,2,0,0,0
306,Paul_Lukas,2,0,0,0
307,Robert_Donat,2,1,0,0
308,Paul_Muni,1,0,0,0
309,Victor_McLaglen,3,1,0,0
310,Charles_Laughton,1,0,0,0
311,Wallace_Beery,2,2,0,0
312,Lionel_Barrymore,2,1,0,0
313,Jeff_Goldblum,3,2,0,0
314,Chris_Hemsworth,1,0,0,0
315,Warner_Baxter,2,1,0,0
316,Emil_Jannings,3,2,0,0
317,Chris_Cooper,1,0,0,0
318,Jim_Broadbent,1,0,0,0
319,James_Coburn,2,1,0,0
320,Cuba_Gooding_Jr.,0,0,0,0
321,Martin_Landau,1,1,0,0
322,Jack_Palance,2,1,0,0
323,Kevin_Kline,1,0,0,0
324,Don_Ameche,1,0,0,0
325,Kate_Beckinsale,1,1,0,0
326,Zooey_Deschanel,2,2,0,0
327,Michelle_Williams,0,0,0,0
328,Milla_Jovovich,3,1,0,1
329,Selena_Gomez,0,0,0,0
330,Rachel_Weisz,1,0,0,0
331,Kristen_Bell,1,0,0,0
332,Katherine_Heigl,1,0,0,0
333,Liv_Tyler,1,1,0,0
334,Jessica_Chastain,1,0,0,0
335,Megan_Fox,1,1,0,0
336,Betty_White,3,2,0,0
337,Geraldine_Page,2,1,0,0
338,Eliza_Dushku,1,0,0,0
339,Robin_Wright,3,2,0,0
340,Leighton_Meester,1,0,0,0
341,Jennifer_Jones,3,1,0,0
342,Shirley_Temple,2,1,0,0
343,Julia_Louis-Dreyfus,1,0,0,0
344,Olivia_Thirlby,1,0,0,0
345,Cher,2,2,0,0
346,Sissy_Spacek,1,0,0,0
347,Louise_Fletcher,1,1,0,0
348,Julie_Christie,0,0,0,0
349,Patricia_Neal,1,1,0,0
350,Haing_S._Ngor,0,0,0,0
351,Louis_Gossett_Jr.,3,2,0,1
352,John_Gielgud,0,0,0,0
353,Timothy_Hutton,2,1,1,0
354,Melvyn_Douglas,2,1,0,0
355,Jason_Robards,4,3,0,0
356,George_Burns,1,0,0,0
357,Christian_Bale,1,0,0,0
358,Ethan_Hawke,2,1,0,0
359,Ben_Johnson,0,0,0,0
360,John_Mills,2,1,0,0
361,Jack_Albertson,1,0,0,0
362,Sean_Penn,3,2,1,0
363,George_Kennedy,4,3,0,0
364,Walter_Matthau,2,1,0,0
365,Martin_Balsam,3,3,0,0
366,Peter_Ustinov,3,2,0,0
367,Ed_Begley,3,1,0,0
368,George_Chakiris,0,0,0,0
369,Hugh_Griffith,1,0,0,0
370,Burl_Ives,2,1,0,0
371,Red_Buttons,3,2,0,0
372,Edmond_O'Brien,2,2,0,0
373,Chris_Pratt,2,1,0,0
374,Frank_Sinatra,4,3,0,0
375,Anne_Bancroft,2,1,0,0
376,Kim_Novak,2,1,0,0
377,Simone_Signoret,2,1,0,0
378,Elliot_Page,1,1,0,0
379,Angela_Lansbury,2,1,0,0
380,Judy_Holliday,1,1,0,0
381,Loretta_Young,3,1,0,1
382,Shirley_Jones,2,1,0,0
383,Vera_Farmiga,2,1,0,0
384,Helen_Hayes,1,0,0,0
385,Marie_Dressler,2,1,0,0
386,Janet_Gaynor,3,1,0,0
387,Lupita_Nyong'o,0,0,0,0
388,Octavia_Spencer,0,0,0,0
389,Melissa_Leo,0,0,0,0
390,Mo'Nique,2,0,0,0
391,Marlee_Matlin,1,0,0,0
392,Tilda_Swinton,0,0,0,0
393,Jennifer_Hudson,0,0,0,0
394,Renée_Zellweger,1,0,0,1
395,Marcia_Gay_Harden,1,1,0,0
396,Anna_Paquin,1,0,0,0
397,Marisa_Tomei,0,0,0,0
398,Mercedes_Ruehl,1,0,0,0
399,Brenda_Fricker,1,1,0,0
400,Jean_Reno,3,2,0,0
401,George_Sanders,4,3,0,0
402,Dean_Jagger,3,2,0,0
403,Walter_Huston,3,2,0,0
404,Edmund_Gwenn,0,0,0,0
405,Harold_Russell,2,0,0,0
406,Hugh_Grant,1,0,0,0
407,Barry_Fitzgerald,0,0,0,0
408,Charles_Coburn,2,0,0,0
409,Van_Heflin,2,2,0,0
410,Donald_Crisp,3,2,0,0
411,Thomas_Mitchell,0,0,0,0
412,Walter_Brennan,1,0,0,0
413,Joseph_Schildkraut,3,1,0,0
414,Keanu_Reeves,0,0,0,0
415,Channing_Tatum,1,1,0,0
416,Hugh_Jackman,1,0,0,0
417,Dwayne_Johnson,2,1,0,0
418,Adam_Sandler,1,0,0,0
419,Daniel_Radcliffe,0,0,0,0
420,Daniel_Craig,2,1,0,0
421,Henry_Cavill,0,0,0,0
422,Vin_Diesel,0,0,0,0
423,Ben_Affleck,1,1,0,0
424,Chris_Pine,0,0,0,0
425,Olympia_Dukakis,1,0,0,0
426,Peggy_Ashcroft,3,3,0,0
427,Linda_Hunt,1,0,0,0
428,Maureen_Stapleton,2,2,0,0
429,Mary_Steenburgen,2,1,0,0
430,Beatrice_Straight,2,1,0,0
431,Vanessa_Redgrave,2,1,0,0
432,Lee_Grant,2,1,0,0
433,Eileen_Heckart,1,0,0,0
434,Cloris_Leachman,1,1,0,0
435,Ruth_Gordon,2,0,0,0
436,Estelle_Parsons,2,1,0,0
437,Sandy_Dennis,0,0,0,0
438,Shelley_Winters,4,3,0,0
439,Maggie_Gyllenhaal,1,0,0,0
440,Katie_Holmes,1,1,0,0
441,Patty_Duke,4,2,0,0
442,Rita_Moreno,1,0,0,0
443,Wendy_Hiller,1,0,0,0
444,Miyoshi_Umeki,2,1,0,0
445,Dorothy_Malone,3,2,0,1
446,Jo_Van_Fleet,1,0,0,0
447,Eva_Marie_Saint,1,0,0,0
448,Gloria_Grahame,4,4,0,0
449,Kim_Hunter,2,1,0,0
450,Lee_J._Cobb,2,1,0,0
451,Andrew_Garfield,0,0,0,0
452,John_Cazale,0,0,0,0
453,Jeremy_Renner,1,1,0,0
454,Steve_Carell,1,0,0,0
455,Jean_Dujardin,2,2,0,0
456,Chris_Evans,0,0,0,0
457,James_Franco,0,0,0,0
458,Zach_Galifianakis,1,0,0,0
459,Will_Ferrell,1,0,0,0
460,Shia_LaBeouf,0,0,0,0
461,Seth_Rogen,1,0,0,0
462,Joseph_Gordon-Levitt,1,0,0,0
463,Ryan_Reynolds,2,1,0,0
464,Paul_Rudd,1,0,0,0
465,Jason_Segel,0,0,0,0
466,Jason_Statham,0,0,0,0
467,Dick_Van_Dyke,2,1,0,0
468,Jesse_Eisenberg,1,0,0,0
469,Owen_Wilson,0,0,0,0
470,Jason_Bateman,1,0,0,0
471,Tyler_Perry,0,0,0,0
472,Liam_Hemsworth,1,1,0,0
473,William_Shatner,4,3,0,0
474,Gene_Wilder,4,2,0,0
475,Thora_Birch,0,0,0,0
476,Claire_Trevor,3,2,0,0
477,Celeste_Holm,5,3,0,0
478,Anne_Baxter,3,2,0,0
479,Queen_Latifah,0,0,0,0
480,Ethel_Barrymore,1,1,0,0
481,Rosario_Dawson,0,0,0,0
482,Teresa_Wright,2,2,0,0
483,Mary_Astor,4,3,0,0
484,Jane_Darwell,0,0,0,0
485,Alicia_Vikander,1,0,0,0
486,Mia_Wasikowska,0,0,0,0
487,Abigail_Breslin,0,0,0,0
488,Gale_Sondergaard,2,1,0,0
489,Melissa_McCarthy,1,0,0,0
490,Tina_Fey,1,0,0,0
491,Zoe_Saldana,1,0,0,0
492,Elisabeth_Moss,1,1,0,0
493,Adrianne_Palicki,1,0,1,0
494,Jennifer_Garner,2,2,0,0
495,Kristen_Wiig,2,1,0,0
496,June_Squibb,2,1,0,0
497,Sally_Hawkins,0,0,0,0
498,Kaley_Cuoco,2,1,1,0
499,Naomi_Watts,0,0,0,0
500,Robert_Pattinson,0,0,0,0
501,Charlie_Hunnam,1,1,0,0
502,Nicholas_Hoult,0,0,0,0
503,Aaron_Taylor-Johnson,1,0,0,0
504,Bryan_Cranston,2,1,0,0
505,Gerard_Butler,0,0,0,0
506,Paul_Walker,0,0,0,0
507,Karl_Urban,1,0,1,0
508,Logan_Lerman,0,0,0,0
509,Dave_Franco,1,0,0,0
510,Tom_Hiddleston,0,0,0,0
511,Peter_Dinklage,1,0,0,0
512,Taylor_Kitsch,0,0,0,0
513,Edward_Norton,1,0,0,0
514,Guy_Pearce,1,1,0,0
515,Mark_Ruffalo,1,0,0,0
516,Mickey_Rourke,2,2,0,0
517,Frank_Langella,1,1,0,0
518,Eddie_Redmayne,1,0,0,0
519,David_Strathairn,1,0,0,0
520,Terrence_Howard,4,4,0,0
521,Ralph_Fiennes,1,1,0,0
522,Tom_Wilkinson,1,0,0,0
523,Richard_Farnsworth,1,0,0,0
524,Nick_Nolte,4,3,0,0
525,AnnaSophia_Robb,0,0,0,0
526,Gemma_Arterton,2,1,0,0
527,Olivia_Wilde,1,1,0,0
528,Isla_Fisher,1,0,0,0
529,Shailene_Woodley,0,0,0,0
530,Rebel_Wilson,0,0,0,0
531,Emma_Roberts,0,0,0,0
532,Amber_Heard,1,1,0,0
533,Teresa_Palmer,1,0,0,0
534,Saoirse_Ronan,0,0,0,0
535,Elizabeth_Banks,1,0,0,0
536,Ida_Lupino,3,3,0,0
537,Natalie_Dormer,0,0,0,0
538,Brittany_Snow,1,0,0,0
539,Kate_Mara,1,0,0,0
540,Julianne_Hough,1,1,0,0
541,Lily_Collins,1,0,0,0
542,Cobie_Smulders,1,0,0,0
543,Alice_Eve,1,1,0,0
544,Jamie_Chung,1,0,0,0
545,Noomi_Rapace,1,1,0,0
546,Blake_Lively,1,0,0,0
547,Maggie_Grace,1,0,0,0
548,Jessica_Biel,1,0,0,0
549,Eva_Green,0,0,0,0
550,Peter_Fonda,3,2,0,0
551,Woody_Harrelson,2,1,0,0
552,Billy_Bob_Thornton,6,5,0,0
553,Idris_Elba,3,1,0,1
554,Nigel_Hawthorne,0,0,0,0
555,Laurence_Fishburne,2,1,0,0
556,Stephen_Rea,1,1,0,0
557,Warren_Beatty,1,0,0,0
558,Richard_Harris,2,2,0,0
559,John_Cusack,0,0,0,0
560,Kenneth_Branagh,2,1,0,0
561,Edward_James_Olmos,3,2,0,0
562,Max_von_Sydow,2,1,0,0
563,Bruce_Dern,3,2,0,0
564,Bob_Hoskins,2,1,0,0
565,James_Woods,2,2,0,0
566,John_Hawkes,0,0,0,0
567,James_Garner,1,0,0,0
568,Sam_Waterston,2,1,0,0
569,Tom_Hulce,0,0,0,0
570,Albert_Finney,3,2,0,0
571,Tom_Conti,1,0,0,0
572,Tom_Courtenay,1,1,0,0
573,Dudley_Moore,4,4,0,0
574,John_Hurt,4,3,0,0
575,Kat_Dennings,0,0,0,0
576,Priyanka_Chopra_Jonas,1,0,0,0
577,Emmanuelle_Riva,0,0,0,0
578,Greta_Gerwig,0,0,0,0
579,Brie_Larson,0,0,0,0
580,Jessica_Lucas,0,0,0,0
581,Maria_Falconetti,0,0,0,0
582,Greer_Garson,3,2,0,0
583,Rosalind_Russell,1,0,0,0
584,Raquel_Welch,4,4,0,0
585,Linda_Fiorentino,0,1,0,0
586,Gabourey_Sidibe,0,0,0,0
587,Judy_Davis,1,0,0,0
588,Mia_Farrow,2,2,0,0
589,Audrey_Tautou,0,0,0,0
590,Jeanne_Moreau,2,2,0,0
591,Jane_Wyman,5,5,0,0
592,Gena_Rowlands,2,0,0,0
593,Lesley_Manville,2,2,0,0
594,Elizabeth_Olsen,1,0,0,0
595,Nastassja_Kinski,1,1,0,0
596,Mélanie_Laurent,0,0,0,0
597,Whitney_Houston,1,1,0,0
598,Felicity_Huffman,1,0,0,0
599,Imelda_Staunton,1,0,0,0
600,Oscar_Isaac,1,0,0,0
601,Jon_Heder,1,0,0,0
602,Miles_Teller,1,0,0,0
603,Daniel_Brühl,1,0,0,0
604,James_Gandolfini,2,1,0,0
605,Michael_B._Jordan,0,0,0,0
606,Anthony_Perkins,1,0,0,0
607,David_Thewlis,2,1,0,0
608,Klaus_Kinski,3,3,0,0
609,Malcolm_McDowell,3,2,0,0
610,Ray_Winstone,1,0,0,0
611,Jean-Paul_Belmondo,2,2,0,0
612,Andy_Serkis,1,0,0,0
613,Matthew_Broderick,1,0,0,0
614,Dennis_Hopper,5,4,0,0
615,Michael_Rooker,1,0,0,0
616,Vincent_Gallo,0,0,0,0
617,Kevin_Spacey,0,0,0,0
618,Vincent_Cassel,2,0,0,0
619,J.K._Simmons,1,0,0,0
620,Boris_Karloff,6,5,0,0
621,Peter_Lorre,3,2,0,0
622,Matthew_McConaughey,1,0,0,0
623,Paddy_Considine,1,0,0,0
624,Ryan_Phillippe,1,1,0,0
625,Kerry_Washington,1,0,0,0
626,Carrie-Anne_Moss,1,0,0,0
627,Janet_Leigh,4,2,0,0
628,Catalina_Sandino_Moreno,0,0,0,0
629,Samantha_Morton,0,0,0,0
630,Keisha_Castle-Hughes,2,1,0,0
631,Barbara_Stanwyck,2,2,0,0
632,Joan_Allen,1,1,0,0
633,Janet_McTeer,1,0,0,0
634,Fernanda_Montenegro,1,0,0,0
635,Kristin_Scott_Thomas,1,1,0,0
636,Brenda_Blethyn,2,1,0,0
637,Elisabeth_Shue,1,0,0,0
638,Miranda_Richardson,0,0,0,0
639,Stockard_Channing,5,4,0,0
640,Luise_Rainer,2,1,0,0
641,Mary_McDonnell,1,0,1,0
642,Lucille_Ball,2,1,0,0
643,Laura_Dern,1,1,0,0
644,Pauline_Collins,1,0,0,0
645,Isabelle_Adjani,0,0,0,0
646,Melanie_Griffith,4,4,0,0
647,Sally_Kirkland,0,0,0,0
648,Jane_Alexander,2,1,0,0
649,Marsha_Mason,2,2,0,0
650,Freddie_Highmore,0,0,0,0
651,Michael_J._Fox,1,0,0,0
652,John_Travolta,1,0,0,0
653,Chow_Yun-Fat,2,1,0,0
654,Seth_MacFarlane,0,0,0,0
655,Jet_Li,2,1,0,0
656,John_Houseman,2,1,0,0
657,Chuck_Norris,2,1,0,0
658,Jean-Claude_Van_Damme,5,4,0,0
659,Sam_Rockwell,0,0,0,0
660,Takashi_Shimura,0,0,0,0
661,Richard_E._Grant,1,0,0,0
662,Leslie_Nielsen,4,3,0,0
663,Simon_Pegg,1,0,0,0
664,John_Malkovich,1,1,0,0
665,Michael_Shannon,1,0,0,0
666,Martin_Sheen,1,0,0,0
667,Christopher_Guest,1,0,0,0
668,Alan_Rickman,1,0,0,0
669,Jackie_Earle_Haley,3,2,0,0
670,Gig_Young,5,3,0,0
671,James_Spader,1,1,0,0
672,Eric_Bana,1,0,0,0
673,Romain_Duris,0,0,0,0
674,Robert_Shaw,0,0,0,0
675,Jacki_Weaver,4,3,3,0
676,Bérénice_Bejo,0,0,0,0
677,Hailee_Steinfeld,0,0,0,0
678,Jennifer_Jason_Leigh,1,1,0,0
679,Kathleen_Quinlan,2,0,0,0
680,Taraji_P._Henson,0,0,0,0
681,Amy_Ryan,1,0,0,0
682,Ruby_Dee,1,0,0,0
683,Jill_Clayburgh,1,0,0,0
684,Adriana_Barraza,2,1,0,0
685,Rinko_Kikuchi,1,0,0,0
686,Catherine_Keener,1,1,0,0
687,Charlotte_Rampling,2,2,0,0
688,Sophie_Okonedo,0,0,0,0
689,Patricia_Clarkson,0,0,0,0
690,Shohreh_Aghdashloo,2,1,0,0
691,Lindsay_Lohan,0,0,0,0
692,Michelle_Trachtenberg,0,0,0,0
693,Chloë_Sevigny,1,0,0,0
694,Lynn_Redgrave,1,1,0,0
695,Rachel_Griffiths,1,0,0,0
696,Margot_Robbie,1,0,0,0
697,Lili_Taylor,1,0,0,0
698,Robin_Weigert,0,0,0,0
699,Lake_Bell,1,0,1,0
700,Claude_Rains,6,5,0,0
701,Steve_Buscemi,1,0,0,0
702,John_Rhys-Davies,1,0,1,0
703,Jean-Louis_Trintignant,3,0,0,0
704,Joseph_Cotten,2,0,0,0
705,Barry_Pepper,1,0,0,0
706,Erich_von_Stroheim,3,2,0,0
707,Patrick_Wilson,0,0,0,0
708,Christopher_Lloyd,5,4,0,0
709,Ben_Foster,0,0,0,0
710,Joel_McCrea,1,0,0,0
711,Choi_Min-sik,0,0,0,0
712,Ewan_McGregor,1,1,0,0
713,Gael_García_Bernal,0,0,0,0
714,Bruno_Ganz,1,0,0,0
715,Sean_Astin,1,0,0,0
716,Irrfan_Khan,1,0,0,0
717,Michael_C._Hall,3,2,0,0
718,Roy_Scheider,2,1,0,0
719,Casey_Affleck,1,1,0,0
720,Gary_Busey,2,2,0,0
721,Norman_Reedus,0,0,0,0
722,Jeff_Daniels,1,0,0,0
723,Stanley_Tucci,2,0,0,0
724,Kiefer_Sutherland,2,2,0,0
725,Michelle_Yeoh,1,1,0,0
726,Léa_Seydoux,0,0,0,0
727,Dakota_Johnson,0,0,0,0
728,Julie_Delpy,1,0,0,0
729,Linda_Hamilton,2,2,0,0
730,Carrie_Fisher,1,1,0,0
731,Pam_Grier,0,0,0,0
732,Björk,1,1,0,0
733,Emily_Browning,0,0,0,0
734,Juliette_Lewis,1,1,0,0
735,Sarah_Jessica_Parker,1,0,0,0
736,Piper_Laurie,1,1,0,0
737,Miley_Cyrus,1,1,0,0
738,Lily_Tomlin,1,0,0,0
739,Jane_Seymour,1,0,0,0
740,Gloria_Stuart,2,1,0,0
741,Talia_Shire,2,1,0,0
742,Gal_Gadot,1,0,0,0
743,Sue_Lyon,5,5,0,0
744,Olivia_Newton-John,2,1,0,0
745,Minnie_Driver,0,0,0,0
746,Teri_Garr,1,1,0,0
747,Keri_Russell,1,1,0,0
748,Jean_Seberg,3,2,0,0
749,Sarah_Polley,2,1,0,0
750,Josh_Brolin,3,2,0,0
751,Hal_Holbrook,3,2,0,0
752,Djimon_Hounsou,0,0,0,0
753,Matt_Dillon,0,0,0,0
754,Alan_Alda,1,0,0,0
755,Thomas_Haden_Church,0,0,0,0
756,Clive_Owen,1,0,0,0
757,Ken_Watanabe,2,2,0,0
758,Suraj_Sharma,0,0,0,0
759,John_C._Reilly,1,0,0,0
760,Michael_Clarke_Duncan,0,0,0,0
761,Haley_Joel_Osment,0,0,0,0
762,Greg_Kinnear,1,0,0,0
763,Burt_Reynolds,2,2,0,0
764,Robert_Forster,2,2,0,0
765,Jason_Schwartzman,1,0,0,0
766,William_H._Macy,1,0,0,0
767,Armin_Mueller-Stahl,2,0,0,0
768,Tim_Roth,1,0,0,0
769,James_Cromwell,3,2,0,0
770,Chazz_Palminteri,1,0,0,0
771,Gary_Sinise,1,0,0,0
772,Paul_Scofield,1,0,0,0
773,Pete_Postlethwaite,1,0,0,0
774,Hugo_Weaving,0,0,0,0
775,Jada_Pinkett_Smith,1,0,0,0
776,Tatum_O'Neal,1,1,0,0
777,Anna_Faris,3,2,0,0
778,Hattie_McDaniel,4,2,0,0
779,Famke_Janssen,1,1,0,0
780,Rosamund_Pike,0,0,0,0
781,Bonnie_Hunt,1,1,0,0
782,Leslie_Mann,1,0,0,0
783,Mindy_Kaling,0,0,0,0
784,Thandiwe_Newton,1,0,0,0
785,Amy_Poehler,1,1,0,0
786,Amanda_Peet,1,0,0,0
787,Julia_Stiles,1,0,0,0
788,Maria_Bello,0,0,0,0
789,Eva_Mendes,0,0,0,0
790,Emily_Blunt,1,0,0,0
791,Rose_Byrne,0,0,0,0
792,Ashley_Judd,1,1,0,0
793,Emilia_Clarke,0,0,0,0
794,Christina_Applegate,2,1,0,0
795,Nia_Long,0,0,0,0
796,Felicity_Jones,1,0,0,0
797,Téa_Leoni,2,2,0,0
798,Alexandra_Daddario,0,0,0,0
799,Jena_Malone,0,0,0,0
800,Richard_Gere,3,2,0,0
801,Nick_Frost,1,1,0,0
802,Ray_Liotta,1,1,0,0
803,Chris_Rock,1,1,0,0
804,Jon_Hamm,0,0,0,0
805,Neil_Patrick_Harris,1,0,0,0
806,Charlie_Sheen,3,3,0,0
807,Mark_Rylance,1,0,0,0
808,Andy_Garcia,1,0,0,0
809,Michael_Lerner,0,0,0,0
810,Graham_Greene,1,0,1,0
811,Bruce_Davison,3,1,0,1
812,Dan_Aykroyd,1,0,0,0
813,Danny_Aiello,1,0,0,0
814,River_Phoenix,0,0,0,0
815,Dean_Stockwell,2,2,0,0
816,Billy_Crystal,1,0,0,0
817,John_Goodman,1,0,0,0
818,Orlando_Bloom,1,1,0,0
819,Stellan_Skarsgård,1,1,0,0
820,Alexander_Skarsgård,0,0,0,0
821,Mike_Myers,2,1,0,0
822,Tyrese_Gibson,2,1,0,0
823,Elijah_Wood,0,0,0,0
824,Danny_DeVito,1,0,1,0
825,Susan_Hayward,2,1,0,0
826,Michelle_Rodriguez,0,0,0,0
827,Sarah_Michelle_Gellar,1,0,0,0
828,Sandra_Oh,1,1,0,0
829,Margot_Kidder,3,3,0,0
830,Beyoncé,1,0,0,0
831,Rebecca_Hall,1,0,0,0
832,Piper_Perabo,1,0,0,0
833,Courteney_Cox,1,1,0,0
834,Parker_Posey,0,0,0,0
835,Paula_Patton,1,1,0,0
836,Michelle_Monaghan,1,0,0,0
837,Claire_Danes,1,0,0,0
838,Allison_Janney,0,0,0,0
839,Kate_Bosworth,1,0,1,0
840,Evan_Rachel_Wood,1,1,0,0
841,Mira_Sorvino,1,0,0,0
842,Ziyi_Zhang,1,0,0,0
843,Amanda_Bynes,0,0,0,0
844,Lisa_Kudrow,1,0,0,0
845,Brit_Marling,0,0,0,0
846,Cynthia_Erivo,0,0,0,0
847,Sofía_Vergara,2,1,0,0
848,Mandy_Moore,2,1,0,0
849,Virginia_Madsen,2,1,0,0
850,James_Marsden,1,1,0,0
851,Tim_Allen,2,1,0,0
852,Giovanni_Ribisi,2,2,0,0
853,Rutger_Hauer,1,0,0,0
854,Vince_Vaughn,1,0,0,0
855,Brian_Cox,0,0,0,0
856,Dennis_Quaid,4,3,0,0
857,John_Leguizamo,2,1,0,0
858,Michael_Keaton,1,1,0,0
859,Billy_Burke,0,0,0,0
860,Brendan_Gleeson,1,0,0,0
861,Charles_Bronson,3,1,0,0
862,Jonathan_Pryce,1,0,0,0
863,Tobey_Maguire,1,0,1,0
864,Michael_Sheen,0,0,0,0
865,Justin_Long,0,0,0,0
866,Jack_Black,1,0,0,0
867,Mel_Brooks,2,1,0,0
868,Pierce_Brosnan,2,0,0,0
869,Sean_Bean,5,4,0,0
870,Mahershala_Ali,1,0,0,0
871,Josh_Duhamel,1,1,0,0
872,Eddie_Murphy,1,1,0,0
873,Jon_Favreau,1,0,0,0
874,Danny_Glover,2,1,0,0
875,Freida_Pinto,1,0,0,0
876,Hilary_Duff,2,1,0,0
877,Mary_Elizabeth_Winstead,1,1,0,0
878,Jennifer_Coolidge,0,0,0,0
879,Andrea_Riseborough,0,0,0,0
880,Molly_Ringwald,2,1,0,0
881,January_Jones,0,0,0,0
882,Maya_Rudolph,0,0,0,0
883,Sophie_Marceau,0,0,0,0
884,Franka_Potente,1,0,0,0
885,Claire_Foy,1,0,1,0
886,Rashida_Jones,0,0,0,0
887,Alicia_Silverstone,1,1,0,0
888,Lillian_Gish,0,0,0,0
889,Evangeline_Lilly,1,1,0,0
890,Olivia_Colman,1,0,0,0
891,Mireille_Enos,1,0,0,0
892,Jennifer_Love_Hewitt,1,0,0,0
893,Emmy_Rossum,2,1,0,0
894,Joey_King,0,0,0,0
895,Ginnifer_Goodwin,1,0,0,0
896,Christine_Taylor,1,0,0,0
897,Vanessa_Hudgens,0,0,0,0
898,Abbie_Cornish,0,0,0,0
899,Florence_Pugh,0,0,0,0
900,Ian_Holm,4,3,0,0
901,Nathan_Lane,1,0,0,0
902,Cary_Elwes,1,0,0,0
903,Martin_Lawrence,2,2,0,0
904,Steve_Coogan,1,1,0,0
905,Sacha_Baron_Cohen,1,0,0,0
906,Jeffrey_Wright,1,1,0,0
907,Jackie_Chan,1,0,0,0
908,Aaron_Eckhart,0,0,0,0
909,Sam_Worthington,1,0,0,0
910,Jack_Davenport,1,0,0,0
911,Alfred_Molina,2,0,0,0
912,Tim_Curry,0,0,0,0
913,Mark_Hamill,1,0,0,0
914,Brendan_Fraser,1,1,0,0
915,Ice_Cube,1,0,0,0
916,Liev_Schreiber,0,0,0,0
917,Ed_Helms,0,0,0,0
918,Val_Kilmer,1,1,0,0
919,Russell_Brand,2,1,0,0
920,Craig_T._Nelson,2,1,0,0
921,Bernie_Mac,1,0,0,0
922,Patrick_Stewart,3,2,0,0
923,Seth_Green,1,0,0,0
924,Ashton_Kutcher,2,1,0,0
925,Randy_Quaid,2,1,0,0
926,Wesley_Snipes,2,0,0,0
927,David_Oyelowo,1,0,0,0
928,Mark_Strong,0,0,0,0
929,Rob_Schneider,3,2,0,0
930,Jay_Baruchel,1,0,0,0
931,Hayden_Christensen,0,0,0,0
932,Ray_Stevenson,1,1,0,0
933,Paul_Bettany,1,0,0,0
934,Hugh_Laurie,1,0,0,0
935,Chris_Tucker,0,0,0,0
936,John_Candy,1,0,0,0
937,Richard_Attenborough,1,0,0,0
938,Chris_O'Donnell,1,0,0,0
939,Benjamin_Bratt,1,0,0,0
940,Common,0,0,0,0
941,Marlon_Wayans,1,1,0,0
942,Albert_Brooks,1,0,0,0
943,Aaron_Paul,1,0,0,0
944,Macaulay_Culkin,1,1,0,0
945,Sam_Elliott,1,0,0,0
946,Taron_Egerton,0,0,0,0
947,Jim_Caviezel,1,0,0,0
948,Elvis_Presley,1,1,0,0
949,Jonah_Hill,0,0,0,0
950,Sung_Kang,0,0,0,0
951,Jason_Sudeikis,1,1,0,0
952,Josh_Hartnett,0,0,0,0
953,Cillian_Murphy,1,0,0,0
954,Billy_Crudup,0,0,0,0
955,Anthony_Mackie,1,1,0,0
956,John_Barrymore,0,0,0,0
957,Timothy_Olyphant,1,0,0,0
958,Josh_Gad,1,0,0,0
959,Billy_Zane,1,1,0,0
960,Luke_Wilson,0,0,0,0
961,Peter_Sarsgaard,1,0,0,0
962,Rhys_Ifans,0,0,0,0
963,Topher_Grace,1,0,0,0
964,Kevin_Hart,2,1,0,0
965,Paul_Dano,0,0,0,0
966,Bill_Hader,1,1,0,0
967,Rob_Lowe,1,0,0,0
968,Mel_Blanc,1,0,0,0
969,David_Spade,0,0,0,0
970,Rob_Riggle,1,1,0,0
971,Lance_Henriksen,3,0,0,0
972,Richard_Jenkins,1,0,0,0
973,Emilio_Estevez,1,1,0,0
974,Michael_Ealy,1,0,0,0
975,Jamie_Bell,2,1,0,0
976,Troy_Baker,1,0,0,0
977,Danny_McBride,1,0,0,0
978,Jonathan_Rhys_Meyers,1,0,0,0
979,Michael_Cera,0,0,0,0
980,Bill_Paxton,2,1,0,0
981,Ioan_Gruffudd,1,0,1,0
982,Andrew_Lincoln,1,0,0,0
983,Ezra_Miller,0,0,0,0
984,Bill_Pullman,1,0,0,0
985,Craig_Robinson,0,0,0,0
986,Charlie_Day,1,0,0,0
987,Andy_Samberg,1,0,0,0
988,Garrett_Hedlund,0,0,0,0
989,Cam_Gigandet,0,0,0,0
990,John_Krasinski,1,0,0,0
991,Kevin_James,1,0,0,0
992,Christopher_Reeve,1,0,0,0
993,James_McAvoy,2,1,0,0
994,Rufus_Sewell,2,2,0,0
995,Adam_Driver,1,0,0,0
996,Ned_Beatty,4,3,0,0
997,John_Cleese,4,3,0,0
998,John_Turturro,1,0,0,0
999,Jerry_Lewis,2,1,0,0
